seq_id,type,route id,source stop id,destination stop id
1,BRTS,100-D,1,38
2,BRTS,100-U,39,76
3,Non-BRTS,101-D,77,120
4,Non-BRTS,101-U,120,77
5,Non-BRTS,102-D,157,120
6,Non-BRTS,102-U,120,157
7,Non-BRTS,103A-D,240,313
8,Non-BRTS,103A-U,314,383
9,Non-BRTS,103-D,384,417
10,Non-BRTS,103-U,314,430
11,Non-BRTS,104-D,431,464
12,Non-BRTS,104-U,465,495
13,Non-BRTS,105-D,496,516
14,Non-BRTS,105-U,517,540
15,Non-BRTS,106-R,541,591
16,Non-BRTS,107-D,592,516
17,Non-BRTS,107-U,516,592
18,Non-BRTS,108-D,659,684
19,Non-BRTS,108-U,685,705
20,Non-BRTS,109-R,706,706
21,Non-BRTS,10-D,753,782
22,Non-BRTS,10-U,782,753
23,Non-BRTS,110-R,808,808
24,Non-BRTS,111-D,855,884
25,Non-BRTS,111-U,884,855
26,Non-BRTS,112-D,918,937
27,Non-BRTS,112-U,938,958
28,Non-BRTS,113A-D,592,669
29,Non-BRTS,113A-U,987,1016
30,Non-BRTS,113B-D,592,524
31,Non-BRTS,113B-U,524,592
32,Non-BRTS,113-D,1042,1070
33,Non-BRTS,113-U,1071,1089
34,Non-BRTS,114-D,1090,1115
35,Non-BRTS,114-U,1116,1141
36,BRTS,115P-D,1,1161
37,BRTS,115P-U,1162,76
38,Non-BRTS,116-D,1183,1209
39,Non-BRTS,116-U,1210,1231
40,Non-BRTS,117A-D,1232,1259
41,Non-BRTS,117A-U,1260,495
42,Non-BRTS,117-D,1283,1311
43,Non-BRTS,117-U,1312,1333
44,Non-BRTS,118-7-D,1334,1357
45,Non-BRTS,118-7-U,1357,1334
46,Non-BRTS,118A-D,1368,1386
47,Non-BRTS,118A-U,1387,1402
48,Non-BRTS,118-D,1334,1357
49,Non-BRTS,118-U,1357,1334
50,Non-BRTS,119A-D,1415,1439
51,Non-BRTS,119A-U,1440,1464
52,Non-BRTS,119-D,1415,1509
53,Non-BRTS,119-U,524,1415
54,Non-BRTS,11-D,1544,1582
55,Non-BRTS,11K-D,1583,1626
56,Non-BRTS,11K-U,1627,1583
57,Non-BRTS,11-U,1582,1544
58,Non-BRTS,120-D,1696,524
59,Non-BRTS,120-U,524,1812
60,Non-BRTS,121-D,1813,1842
61,Non-BRTS,121-U,1843,1813
62,Non-BRTS,122-D,1869,524
63,Non-BRTS,122-U,524,1869
64,Non-BRTS,123-D,1927,990
65,Non-BRTS,123-U,1963,1996
66,Non-BRTS,125-D,1997,2025
67,Non-BRTS,125-U,2026,2045
68,Non-BRTS,126-D,2046,2074
69,Non-BRTS,126-U,2075,2099
70,Non-BRTS,128-D,2100,2136
71,Non-BRTS,128-U,2137,2026
72,Non-BRTS,129-D,496,2184
73,Non-BRTS,129-U,2184,496
74,Non-BRTS,12-D,2198,2255
75,Non-BRTS,12-U,2256,2198
76,Non-BRTS,130-D,2313,2339
77,Non-BRTS,130-U,2339,2359
78,BRTS,132A-D,2360,1168
79,BRTS,132A-U,38,2393
80,BRTS,132-D,2394,1168
81,BRTS,132-U,38,2395
82,BRTS,133A-D,2396,1168
83,BRTS,133A-U,38,2397
84,BRTS,133B-D,2399,1168
85,BRTS,133B-U,38,2414
86,BRTS,133-D,2416,1168
87,BRTS,133-U,38,2429
88,Non-BRTS,134-D,2430,2449
89,Non-BRTS,134-U,2450,2430
90,Non-BRTS,135-D,2467,2503
91,Non-BRTS,135-U,2504,2467
92,Non-BRTS,136-D,2533,2567
93,Non-BRTS,136-U,2568,2596
94,Non-BRTS,139A-D,2597,2651
95,Non-BRTS,139A-U,2652,1996
96,Non-BRTS,139-D,1996,2758
97,Non-BRTS,139-U,2759,1996
98,Non-BRTS,13A-D,2814,2840
99,Non-BRTS,13A-U,2841,2865
100,Non-BRTS,13-D,2866,2836
101,Non-BRTS,13L-D,2883,2906
102,Non-BRTS,13L-U,2907,2914
103,Non-BRTS,13-U,2915,2932
104,Non-BRTS,140-D,2933,2915
105,Non-BRTS,140-U,2915,2933
106,Non-BRTS,141-D,2933,2991
107,Non-BRTS,141-U,2992,2933
108,Non-BRTS,142-D,3013,3067
109,Non-BRTS,142-U,3067,3121
110,Non-BRTS,143A-D,3122,3154
111,Non-BRTS,143A-U,3155,3188
112,Non-BRTS,143-D,3189,3219
113,Non-BRTS,143-U,3220,3252
114,Non-BRTS,144A-D,3253,3286
115,Non-BRTS,144A-U,3287,3320
116,BRTS,144B-D,2416,3349
117,BRTS,144B-U,3350,2429
118,Non-BRTS,144-D,3375,3397
119,Non-BRTS,144K-D,2503,3421
120,Non-BRTS,144K-U,3422,2143
121,Non-BRTS,144-U,3444,3464
122,Non-BRTS,145B-D,3465,3496
123,Non-BRTS,145B-U,3497,3528
124,Non-BRTS,145-D,3529,3571
125,Non-BRTS,145-U,3572,3611
126,Non-BRTS,146-D,3612,3629
127,Non-BRTS,146-U,3630,3648
128,Non-BRTS,147-D,3649,3706
129,Non-BRTS,147-U,3706,3649
130,Non-BRTS,148A-D,3750,3807
131,Non-BRTS,148A-U,3808,3863
132,Non-BRTS,148-D,3864,3910
133,Non-BRTS,148-U,3910,3953
134,BRTS,149A-D,3954,4034
135,BRTS,149A-U,2759,4101
136,BRTS,149-D,4102,4034
137,BRTS,149-U,2759,4102
138,BRTS,14-D,4157,4205
139,BRTS,14-U,4205,4251
140,Non-BRTS,151-D,4252,4295
141,Non-BRTS,151-U,4296,4334
142,BRTS,154-D,4335,1160
143,BRTS,154-U,1160,4355
144,Non-BRTS,155-D,4356,4389
145,Non-BRTS,155-U,4390,4356
146,Non-BRTS,158A-D,4410,3577
147,Non-BRTS,158A-U,4427,4453
148,Non-BRTS,158-D,4454,2315
149,Non-BRTS,158-U,2315,157
150,BRTS,159-D,4483,1168
151,BRTS,159K-D,4502,1168
152,BRTS,159K-U,1168,4502
153,BRTS,159P-D,4517,1168
154,BRTS,159P-U,1168,4521
155,BRTS,159-U,1168,4483
156,Non-BRTS,160-D,4522,4539
157,Non-BRTS,160-U,4540,4559
158,BRTS,161-D,4560,4572
159,BRTS,161-U,4572,4584
160,Non-BRTS,162-D,4585,2449
161,Non-BRTS,162-U,4642,4696
162,BRTS,163-D,4697,1160
163,BRTS,163-U,1160,4706
164,BRTS,164-D,4560,4714
165,BRTS,164-U,4715,4584
166,BRTS,165-D,2360,4725
167,BRTS,165-U,38,2393
168,BRTS,166-D,4560,1160
169,BRTS,166-U,1160,4584
170,Non-BRTS,167-D,3680,3904
171,Non-BRTS,167-U,4749,3680
172,Non-BRTS,168-D,4770,524
173,Non-BRTS,168-U,524,4807
174,Non-BRTS,169-D,4808,4827
175,Non-BRTS,169-U,4828,4847
176,Non-BRTS,170-D,4848,4870
177,Non-BRTS,170-U,4871,4894
178,Non-BRTS,174-D,4895,4949
179,Non-BRTS,174-U,4950,4999
180,Non-BRTS,175-D,5000,5023
181,Non-BRTS,175-U,5023,5000
182,Non-BRTS,176A-D,5035,5055
183,Non-BRTS,176A-U,5056,5035
184,Non-BRTS,176-D,5073,5096
185,Non-BRTS,176-U,5056,5108
186,Non-BRTS,177A-D,5039,5141
187,Non-BRTS,177A-U,5142,5039
188,Non-BRTS,177B-D,5171,5182
189,Non-BRTS,177B-U,5182,5039
190,Non-BRTS,177-D,5185,5200
191,Non-BRTS,177K-D,5035,5218
192,Non-BRTS,177K-U,3375,5234
193,Non-BRTS,177M-D,5235,5260
194,Non-BRTS,177M-U,5182,5282
195,Non-BRTS,177-U,5283,5296
196,Non-BRTS,179-D,5297,5325
197,Non-BRTS,179-U,5326,5297
198,Non-BRTS,17-D,5340,5370
199,Non-BRTS,17-U,5371,5395
200,Non-BRTS,180-D,5396,5426
201,Non-BRTS,180-U,5427,5453
202,Non-BRTS,181A-D,5454,5483
203,Non-BRTS,181A-U,5484,5511
204,Non-BRTS,181B-D,5100,5538
205,Non-BRTS,181B-U,5539,5564
206,Non-BRTS,181-D,5565,5592
207,Non-BRTS,181-U,5538,5565
208,Non-BRTS,183-D,5618,3904
209,Non-BRTS,183-U,5646,5667
210,Non-BRTS,184A-D,5668,5686
211,Non-BRTS,184A-NGT-D,5687,5691
212,Non-BRTS,184A-NGT-U,5691,5706
213,Non-BRTS,184A-U,5707,5712
214,Non-BRTS,184B-D,5713,5740
215,Non-BRTS,184B-U,5741,5713
216,Non-BRTS,184-D,5713,5784
217,Non-BRTS,184-U,5785,5713
218,Non-BRTS,185-D,5799,3904
219,Non-BRTS,185-U,5813,5829
220,Non-BRTS,186A-D,5830,5857
221,Non-BRTS,186A-U,5858,5879
222,Non-BRTS,186-D,5880,5904
223,Non-BRTS,186-U,5904,5921
224,Non-BRTS,187-D,5922,5945
225,Non-BRTS,187-U,5945,5922
226,Non-BRTS,188-D,5965,3904
227,Non-BRTS,188-U,3904,6013
228,Non-BRTS,189-D,6014,6023
229,Non-BRTS,189-U,6024,6030
230,Non-BRTS,18-D,6031,6045
231,Non-BRTS,18-U,6045,6031
232,Non-BRTS,190-D,6058,3904
233,Non-BRTS,190-U,3904,6058
234,Non-BRTS,191-D,6069,6089
235,Non-BRTS,191-U,6090,6113
236,Non-BRTS,192-D,6114,6131
237,Non-BRTS,192-U,6132,6147
238,Non-BRTS,193-D,6148,6186
239,Non-BRTS,193-U,6187,6224
240,Non-BRTS,195-D,6225,3904
241,Non-BRTS,195-U,3904,6255
242,Non-BRTS,196A-D,6256,6279
243,Non-BRTS,196A-U,6280,6304
244,Non-BRTS,196-D,6305,6322
245,Non-BRTS,196-U,6323,6305
246,Non-BRTS,197-D,120,3904
247,Non-BRTS,197-U,6364,120
248,Non-BRTS,198-D,5802,3904
249,Non-BRTS,198-U,6419,5802
250,Non-BRTS,19-D,2932,6461
251,Non-BRTS,19-U,6462,2932
252,Non-BRTS,200-D,1312,6498
253,Non-BRTS,200-U,6498,1312
254,Non-BRTS,201-D,6519,6561
255,Non-BRTS,201-U,6561,6608
256,Non-BRTS,202-D,6609,6648
257,Non-BRTS,202-U,6649,6609
258,Non-BRTS,203-D,6691,6709
259,Non-BRTS,203-NGT-D,6710,6725
260,Non-BRTS,203-NGT-U,6726,6710
261,Non-BRTS,203P-D,6740,6753
262,Non-BRTS,203P-U,6754,6768
263,Non-BRTS,203-U,6769,6785
264,BRTS,204-D,6786,6808
265,BRTS,204-U,6809,6828
266,Non-BRTS,205-D,6829,3904
267,Non-BRTS,205-U,6877,6829
268,Non-BRTS,206-D,6914,6955
269,Non-BRTS,206-U,6956,6997
270,Non-BRTS,207A-D,6998,3904
271,Non-BRTS,207A-U,3904,6998
272,Non-BRTS,207-D,7044,7088
273,Non-BRTS,207-U,5879,7129
274,Non-BRTS,208-D,240,3904
275,Non-BRTS,208-U,7178,7236
276,Non-BRTS,20-D,2449,7250
277,Non-BRTS,20-U,7250,7266
278,BRTS,213-D,4560,7278
279,BRTS,213-U,7279,4584
280,Non-BRTS,214-D,7291,7306
281,Non-BRTS,214-U,7307,7316
282,Non-BRTS,215-D,7317,7336
283,Non-BRTS,215-U,7336,2856
284,Non-BRTS,216-R,7354,7354
285,Non-BRTS,217-D,7385,7403
286,Non-BRTS,217-U,7403,7413
287,Non-BRTS,218-D,7414,7453
288,Non-BRTS,218-U,7454,7414
289,Non-BRTS,21-D,6829,7527
290,Non-BRTS,21N-D,7528,7556
291,Non-BRTS,21N-U,7557,7528
292,Non-BRTS,21-U,7578,7607
293,Non-BRTS,226-D,7608,7642
294,Non-BRTS,226-U,2449,7678
295,Non-BRTS,227-D,7679,7736
296,Non-BRTS,227-U,1582,7761
297,Non-BRTS,22-D,7762,7787
298,Non-BRTS,22-U,7788,7813
299,Non-BRTS,230-D,7814,7840
300,Non-BRTS,230-U,7841,7861
301,Non-BRTS,233-D,7862,7736
302,Non-BRTS,233-U,1582,7862
303,BRTS,234-D,4697,1168
304,BRTS,234-U,38,4706
305,BRTS,235-D,4697,7278
306,BRTS,235-U,7977,4706
307,BRTS,236-D,7983,1168
308,BRTS,236-U,38,7986
309,BRTS,237-D,4697,7997
310,BRTS,237-U,7998,4706
311,Non-BRTS,23-D,8007,8036
312,Non-BRTS,23-U,8037,8064
313,Non-BRTS,24A-D,8065,8100
314,Non-BRTS,24A-U,8101,8065
315,Non-BRTS,24B-D,8113,8156
316,Non-BRTS,24B-U,8157,8201
317,Non-BRTS,24-D,8202,8241
318,Non-BRTS,24-NGT-D,8242,8241
319,Non-BRTS,24-NGT-U,8256,2450
320,Non-BRTS,24-U,8256,8300
321,Non-BRTS,252-D,8301,8342
322,Non-BRTS,252-U,8343,8378
323,Non-BRTS,256B-D,8379,8399
324,Non-BRTS,256B-U,8400,8419
325,Non-BRTS,256-D,8420,8443
326,Non-BRTS,256S-D,8444,8460
327,Non-BRTS,256S-U,8461,8474
328,Non-BRTS,256-U,8475,8495
329,Non-BRTS,257A-D,8496,8547
330,Non-BRTS,257A-U,8548,8496
331,Non-BRTS,262-D,8582,524
332,Non-BRTS,262-U,8633,8582
333,Non-BRTS,264-D,8683,8745
334,Non-BRTS,264-U,8746,8683
335,Non-BRTS,26-D,8798,8820
336,Non-BRTS,26-U,8821,8842
337,BRTS,276-D,6786,7997
338,BRTS,276-U,7998,6828
339,Non-BRTS,277-D,8868,8923
340,Non-BRTS,277-U,8924,8868
341,Non-BRTS,279-D,8979,9045
342,Non-BRTS,279-U,9045,9108
343,Non-BRTS,27-D,9109,9131
344,Non-BRTS,27-U,9132,9147
345,Non-BRTS,280-D,9148,9162
346,Non-BRTS,280-U,9163,9183
347,Non-BRTS,281-D,9184,9238
348,Non-BRTS,281-U,9239,1996
349,Non-BRTS,282-D,9280,9325
350,Non-BRTS,282-U,9239,9359
351,Non-BRTS,283-D,9360,9390
352,Non-BRTS,283-U,9391,9421
353,Non-BRTS,284-D,9422,9468
354,Non-BRTS,284-U,9469,9519
355,Non-BRTS,286-D,9520,9552
356,Non-BRTS,286-U,9553,9576
357,Non-BRTS,28-D,9577,9595
358,Non-BRTS,28-U,314,9624
359,Non-BRTS,290-D,9625,9653
360,Non-BRTS,290-U,9654,9676
361,Non-BRTS,291A-D,9677,9704
362,Non-BRTS,291A-U,9704,9677
363,Non-BRTS,291-D,9706,9734
364,Non-BRTS,291-U,9734,9706
365,Non-BRTS,292A-D,9757,9804
366,Non-BRTS,292A-U,9804,9851
367,Non-BRTS,292B-D,9852,9804
368,Non-BRTS,292B-U,9886,9852
369,Non-BRTS,292C-D,9919,9804
370,Non-BRTS,292C-U,9804,9948
371,Non-BRTS,292-D,9949,9976
372,Non-BRTS,292-U,9977,10007
373,Non-BRTS,293-D,10008,10044
374,Non-BRTS,293-U,10045,10076
375,Non-BRTS,294-D,10077,5965
376,Non-BRTS,294-U,5965,10077
377,Non-BRTS,295-D,10128,10156
378,Non-BRTS,295-U,10157,2449
379,Non-BRTS,296-D,10183,7403
380,Non-BRTS,296-U,7403,10183
381,Non-BRTS,297-D,10183,10247
382,Non-BRTS,297-U,10247,10183
383,BRTS,298-D,6786,7278
384,BRTS,298-U,7977,6828
385,Non-BRTS,299-D,10296,10342
386,Non-BRTS,299-U,10343,10391
387,Non-BRTS,29A-D,10392,10445
388,Non-BRTS,29A-U,10446,10490
389,BRTS,29-D,4335,4714
390,BRTS,29-U,4715,4355
391,Non-BRTS,2A-D,10498,10508
392,Non-BRTS,2A-U,10508,9676
393,Non-BRTS,2B-D,10520,10541
394,Non-BRTS,2B-U,10542,10567
395,Non-BRTS,2-D,9625,7453
396,Non-BRTS,2K-D,10520,10613
397,Non-BRTS,2K-U,10614,10634
398,Non-BRTS,2-NGT-D,10498,10508
399,Non-BRTS,2-NGT-U,10508,9676
400,Non-BRTS,2-U,7279,9625
401,Non-BRTS,301-D,3910,314
402,Non-BRTS,301-U,314,3910
403,Non-BRTS,302A-D,10702,10742
404,Non-BRTS,302A-U,10742,10755
405,Non-BRTS,302B-D,2026,10785
406,Non-BRTS,302B-U,10786,2026
407,Non-BRTS,302-D,10819,10785
408,Non-BRTS,302-U,10785,10852
409,Non-BRTS,303A-D,10853,10868
410,Non-BRTS,303A-U,10869,10853
411,Non-BRTS,303-D,10885,10869
412,Non-BRTS,303-U,10869,10919
413,Non-BRTS,304-D,10920,10943
414,Non-BRTS,304-U,10944,10968
415,Non-BRTS,305A-D,10969,11008
416,Non-BRTS,305A-U,11009,10969
417,Non-BRTS,305B-D,11042,11092
418,Non-BRTS,305B-U,10869,11042
419,Non-BRTS,305-D,11126,11153
420,Non-BRTS,305-U,11154,11191
421,Non-BRTS,306-D,240,11210
422,Non-BRTS,306-U,11210,240
423,Non-BRTS,307-D,11226,11231
424,Non-BRTS,307-U,11232,11237
425,Non-BRTS,308-D,11238,11249
426,Non-BRTS,308-U,11250,11261
427,Non-BRTS,309-D,8582,11286
428,Non-BRTS,309-U,11287,8582
429,Non-BRTS,30-D,7688,1582
430,Non-BRTS,30-U,1582,7688
431,Non-BRTS,310-D,11226,2130
432,Non-BRTS,310-U,11440,11482
433,Non-BRTS,311-D,11483,11516
434,Non-BRTS,311-U,11517,11550
435,Non-BRTS,312-D,11551,11585
436,Non-BRTS,312-U,11586,11551
437,Non-BRTS,313-D,11623,1869
438,Non-BRTS,313-U,11660,11691
439,Non-BRTS,314-D,11692,11708
440,Non-BRTS,314-U,11709,11725
441,Non-BRTS,315-D,11726,11764
442,Non-BRTS,315-U,11764,11797
443,Non-BRTS,316-D,11798,11824
444,Non-BRTS,316-U,11825,11848
445,Non-BRTS,317-D,11849,11884
446,Non-BRTS,317-U,11884,11849
447,BRTS,318A-D,11922,1161
448,BRTS,318A-U,1162,11955
449,BRTS,318-D,11956,1161
450,BRTS,318-U,1162,11952
451,Non-BRTS,319-D,11961,12002
452,Non-BRTS,319-U,12002,11961
453,Non-BRTS,31-D,2449,12037
454,Non-BRTS,31-U,12038,12062
455,Non-BRTS,320-D,12063,12002
456,Non-BRTS,320-U,12002,12063
457,BRTS,321A-D,1,12172
458,BRTS,321A-U,12173,76
459,BRTS,321-D,1,12204
460,BRTS,321-U,12204,76
461,Non-BRTS,322A-D,12216,9239
462,Non-BRTS,322A-U,9239,12325
463,Non-BRTS,322K-D,12326,12375
464,Non-BRTS,322K-U,12376,12423
465,Non-BRTS,323A-D,12424,12459
466,Non-BRTS,323A-U,12460,12498
467,Non-BRTS,323-D,12499,12533
468,Non-BRTS,323-U,12534,12565
469,BRTS,324-D,1,12580
470,BRTS,324-U,12581,76
471,Non-BRTS,325-D,12599,12633
472,Non-BRTS,325-U,12634,12667
473,Non-BRTS,326-D,12668,12690
474,Non-BRTS,326-U,12691,12668
475,Non-BRTS,327-D,240,1415
476,Non-BRTS,327-U,1415,240
477,Non-BRTS,328A-D,12832,12836
478,Non-BRTS,328A-U,9517,12832
479,Non-BRTS,329A-D,8582,12881
480,Non-BRTS,329A-U,12882,12934
481,Non-BRTS,329-D,8582,12946
482,Non-BRTS,329-U,12947,8582
483,Non-BRTS,32-D,12992,13055
484,Non-BRTS,32-U,13056,13114
485,Non-BRTS,331A-D,13115,13147
486,Non-BRTS,331A-U,13147,13115
487,Non-BRTS,331B-D,13175,13216
488,Non-BRTS,331B-U,13217,13175
489,Non-BRTS,331-D,13115,13297
490,Non-BRTS,331-U,13298,13115
491,BRTS,332A-D,12167,38
492,BRTS,332A-U,39,12178
493,Non-BRTS,332-D,13341,13388
494,Non-BRTS,332-U,13389,13439
495,BRTS,333-D,1,1161
496,BRTS,333-U,1162,76
497,Non-BRTS,334-D,13440,10785
498,Non-BRTS,334-U,10786,13440
499,Non-BRTS,335A-D,13469,13480
500,Non-BRTS,335A-U,13481,13469
501,BRTS,336-D,3954,4251
502,BRTS,336-U,4157,4101
503,BRTS,337-D,3954,1283
504,BRTS,337-U,13515,4101
505,Non-BRTS,339B-D,13517,13551
506,Non-BRTS,339B-U,13552,13582
507,Non-BRTS,339-D,13583,13640
508,Non-BRTS,339-U,13641,13697
509,Non-BRTS,33-D,13698,12037
510,Non-BRTS,33-U,13721,13744
511,BRTS,341-D,13745,38
512,BRTS,341-U,39,13758
513,Non-BRTS,344-D,13759,13812
514,Non-BRTS,344-U,13812,13759
515,BRTS,345-D,8844,1161
516,BRTS,345-U,1162,6792
517,Non-BRTS,347-D,13859,13916
518,Non-BRTS,347-U,13917,13977
519,BRTS,348-D,3954,1161
520,BRTS,348-U,1162,4101
521,Non-BRTS,350A-D,8582,14014
522,Non-BRTS,350A-U,14014,14044
523,Non-BRTS,350-D,14044,14061
524,Non-BRTS,350-U,14062,14044
525,Non-BRTS,351-D,14078,14134
526,Non-BRTS,351-U,14134,14078
527,Non-BRTS,354A-D,13453,14240
528,Non-BRTS,354A-U,6446,13453
529,Non-BRTS,354-D,12690,1582
530,Non-BRTS,354-U,1582,14364
531,Non-BRTS,355-D,14365,11210
532,Non-BRTS,355-U,11210,14365
533,Non-BRTS,357-D,14416,2449
534,Non-BRTS,357-U,14478,14539
535,Non-BRTS,358-D,14540,12754
536,Non-BRTS,358-U,12754,14540
537,Non-BRTS,360-D,14599,14649
538,Non-BRTS,360-U,14650,14689
539,Non-BRTS,361-D,14690,14704
540,Non-BRTS,361-U,14705,14719
541,Non-BRTS,362-D,14720,14744
542,Non-BRTS,362-U,14744,14720
543,Non-BRTS,363A-D,14772,14787
544,Non-BRTS,363A-U,11009,14796
545,Non-BRTS,363-D,14797,10869
546,Non-BRTS,363-U,10869,14797
547,Non-BRTS,366-D,14808,14847
548,Non-BRTS,366-U,14848,14885
549,Non-BRTS,367A-D,14886,12216
550,Non-BRTS,367A-U,14926,14886
551,Non-BRTS,367B-D,14962,14988
552,Non-BRTS,367B-U,14989,15015
553,Non-BRTS,367-D,15016,10869
554,Non-BRTS,367-U,15035,15053
555,BRTS,36-D,6786,38
556,BRTS,36-U,39,6828
557,Non-BRTS,370-R,15054,15082
558,Non-BRTS,372-D,15083,15117
559,Non-BRTS,372-U,15117,15083
560,Non-BRTS,373-D,15151,15166
561,Non-BRTS,373-U,15167,15151
562,Non-BRTS,376A-D,15182,15245
563,Non-BRTS,376A-U,15246,15304
564,Non-BRTS,376B-D,15305,15370
565,Non-BRTS,376B-U,15371,15431
566,Non-BRTS,376-D,15432,15491
567,Non-BRTS,376K-D,15492,15527
568,Non-BRTS,376K-U,15528,15584
569,Non-BRTS,376-U,15585,12837
570,Non-BRTS,37-D,15640,15654
571,Non-BRTS,37-U,15655,5539
572,Non-BRTS,38-D,15671,15692
573,Non-BRTS,38-U,15693,15715
574,Non-BRTS,39-D,15716,15739
575,Non-BRTS,39-U,15693,2449
576,Non-BRTS,3-D,15755,15772
577,Non-BRTS,3-U,15773,15787
578,Non-BRTS,40-D,15788,15801
579,Non-BRTS,40-U,15801,15813
580,Non-BRTS,41-D,1654,15856
581,Non-BRTS,41-U,1582,1654
582,Non-BRTS,42-D,15895,15950
583,Non-BRTS,42-U,10508,15999
584,Non-BRTS,43A-D,16000,16044
585,Non-BRTS,43A-U,16045,16086
586,Non-BRTS,43-D,16087,16139
587,Non-BRTS,43-U,16140,16189
588,Non-BRTS,46-D,16190,16230
589,Non-BRTS,46-U,16231,16253
590,Non-BRTS,47-D,16254,16283
591,Non-BRTS,47-U,16284,16254
592,Non-BRTS,48-D,16308,16335
593,Non-BRTS,48-U,16336,16365
594,Non-BRTS,49-D,16366,16414
595,Non-BRTS,49-U,16415,16467
596,Non-BRTS,50-D,16468,16514
597,Non-BRTS,50-U,16515,16556
598,Non-BRTS,51-D,16557,16579
599,Non-BRTS,51-U,10498,16607
600,Non-BRTS,52A-D,16608,16661
601,Non-BRTS,52A-U,16661,16703
602,Non-BRTS,52-D,16704,16744
603,Non-BRTS,52-U,16661,16619
604,Non-BRTS,53-D,431,16779
605,Non-BRTS,53-U,16780,495
606,Non-BRTS,54-D,16812,16843
607,Non-BRTS,54-U,16844,16875
608,Non-BRTS,55-D,16876,16895
609,Non-BRTS,55-U,16896,16917
610,Non-BRTS,56-D,16918,16939
611,Non-BRTS,56-U,16940,16963
612,Non-BRTS,57A-D,16964,16992
613,Non-BRTS,57A-U,16993,17018
614,Non-BRTS,57-D,17019,17051
615,Non-BRTS,57-U,17052,17019
616,Non-BRTS,58-D,17084,17099
617,Non-BRTS,58P-D,17100,7468
618,Non-BRTS,58P-U,7468,17100
619,Non-BRTS,58-U,17122,17136
620,Non-BRTS,59-D,17137,17122
621,Non-BRTS,59-U,17122,17162
622,Non-BRTS,5A-D,17163,17177
623,Non-BRTS,5A-U,17178,17193
624,Non-BRTS,5-D,17194,1312
625,Non-BRTS,5-U,17206,17217
626,Non-BRTS,60-D,17218,17244
627,Non-BRTS,60-U,17245,17273
628,Non-BRTS,61-D,17274,17318
629,Non-BRTS,61-U,17319,17362
630,Non-BRTS,62-D,17363,2994
631,Non-BRTS,62-U,2994,17422
632,Non-BRTS,63-D,17423,17452
633,Non-BRTS,63-U,17453,17479
634,Non-BRTS,64A-D,17480,17507
635,Non-BRTS,64A-U,17508,17531
636,Non-BRTS,64B-D,3421,2915
637,Non-BRTS,64B-U,2915,3421
638,Non-BRTS,64-D,9239,3904
639,Non-BRTS,64-U,9706,9239
640,Non-BRTS,65-D,17623,2915
641,Non-BRTS,65-U,2915,17623
642,Non-BRTS,66-D,17679,1582
643,Non-BRTS,66-U,1582,17679
644,BRTS,67-D,4697,4715
645,BRTS,67-U,4714,4706
646,Non-BRTS,68A-D,17774,17800
647,Non-BRTS,68A-U,17801,17829
648,Non-BRTS,68P-D,1312,120
649,Non-BRTS,68P-U,120,17868
650,Non-BRTS,68S-D,1582,17886
651,Non-BRTS,68S-U,17886,1582
652,Non-BRTS,69-D,17911,1582
653,Non-BRTS,69-U,1582,18004
654,Non-BRTS,70-D,18005,516
655,Non-BRTS,70-U,516,18005
656,Non-BRTS,71-D,2994,18098
657,Non-BRTS,71-U,18099,2994
658,Non-BRTS,72-D,17690,18176
659,Non-BRTS,72-U,18177,18217
660,Non-BRTS,73-D,120,3904
661,Non-BRTS,73-U,18251,120
662,Non-BRTS,75-D,2430,516
663,Non-BRTS,75-U,516,18335
664,Non-BRTS,76-D,1582,18356
665,Non-BRTS,76-U,18356,1582
666,Non-BRTS,77-R,9239,18431
667,Non-BRTS,78-D,18432,1582
668,Non-BRTS,78-U,1582,18432
669,Non-BRTS,79-D,18489,18536
670,Non-BRTS,79-U,18537,18572
671,Non-BRTS,7A-D,18573,18609
672,Non-BRTS,7A-U,3904,18641
673,Non-BRTS,7-D,18642,18683
674,Non-BRTS,7-U,2352,18725
675,Non-BRTS,80A-D,18726,18747
676,Non-BRTS,80A-U,18748,18763
677,Non-BRTS,80-D,18764,18782
678,Non-BRTS,80-U,18783,18799
679,Non-BRTS,81-D,18800,18831
680,Non-BRTS,81-U,18832,8242
681,Non-BRTS,82A-D,18857,18879
682,Non-BRTS,82A-U,18880,18904
683,Non-BRTS,82-R,18905,18905
684,Non-BRTS,84A-D,18931,18986
685,Non-BRTS,84A-U,18987,19046
686,Non-BRTS,84-D,19047,516
687,Non-BRTS,84-U,516,19047
688,Non-BRTS,85-D,19108,524
689,Non-BRTS,85-U,19144,19108
690,Non-BRTS,86-R,19163,19193
691,Non-BRTS,87A-D,19194,19216
692,Non-BRTS,87A-U,516,19249
693,Non-BRTS,87B-D,19250,19277
694,Non-BRTS,87B-U,19278,19305
695,Non-BRTS,87-D,19306,19338
696,Non-BRTS,87-U,19338,19306
697,Non-BRTS,88-D,19372,19409
698,Non-BRTS,88-U,19410,19448
699,Non-BRTS,89-D,19449,19469
700,Non-BRTS,89-U,19470,19449
701,Non-BRTS,8-D,19488,19512
702,Non-BRTS,8-U,19513,19488
703,Non-BRTS,90-D,17084,19545
704,Non-BRTS,90P-D,19546,1312
705,Non-BRTS,90P-U,1312,19570
706,Non-BRTS,90-U,19545,19588
707,Non-BRTS,91-D,19589,19608
708,Non-BRTS,91-U,19609,19626
709,Non-BRTS,92-D,19627,19647
710,Non-BRTS,92-U,19648,19669
711,Non-BRTS,93-D,19670,516
712,Non-BRTS,93-U,516,19705
713,BRTS,94A-D,2360,3349
714,BRTS,94A-U,19724,2393
715,Non-BRTS,94-D,19742,120
716,Non-BRTS,94-U,19771,19795
717,Non-BRTS,95A-D,6829,19829
718,Non-BRTS,95A-U,19830,19864
719,Non-BRTS,95-D,592,120
720,Non-BRTS,95-U,19899,19939
721,Non-BRTS,96-D,19940,592
722,Non-BRTS,96-U,19991,20038
723,Non-BRTS,97-D,7250,9239
724,Non-BRTS,97-U,9239,20108
725,Non-BRTS,9-D,20109,20153
726,Non-BRTS,9-U,20153,20109
727,Non-BRTS,VJR1-D,20154,20196
728,Non-BRTS,VJR1-U,20197,13515
729,BRTS,VJR2-D,4157,7997
730,BRTS,VJR2-U,7998,4251
731,Non-BRTS,VJR3-D,20237,384
732,Non-BRTS,VJR3-U,734,20262
733,BRTS,VJR4-D,4335,20268
734,BRTS,VJR4-U,20269,4355
735,BRTS,VJR5-D,20274,38
736,BRTS,VJR5-U,39,20289
737,BRTS,VJR6-D,1,12580
738,BRTS,VJR6-U,12581,76
739,Non-BRTS,103B-D,406,417
740,Non-BRTS,103B-U,314,326
741,Non-BRTS,103C-D,20304,20356
742,Non-BRTS,103C-U,20357,20401
743,Non-BRTS,117B-D,20402,20414
744,Non-BRTS,117B-U,13653,20422
745,Non-BRTS,117C-D,20423,1311
746,Non-BRTS,117C-U,1312,20423
747,Non-BRTS,117D-U,1312,20426
748,Non-BRTS,117E-D,20426,16514
749,Non-BRTS,117F-U,16515,1333
750,Non-BRTS,118B-D,20441,20460
751,Non-BRTS,118B-U,20461,20441
752,Non-BRTS,118C-D,20472,20490
753,Non-BRTS,118C-U,1357,20472
754,Non-BRTS,120A-D,1696,12754
755,Non-BRTS,120A-U,12754,1696
756,Non-BRTS,122A-U,10772,524
757,Non-BRTS,122B-D,1869,20558
758,Non-BRTS,122B-U,20558,1869
759,Non-BRTS,122C-U,524,20592
760,Non-BRTS,130A-D,5965,2339
761,Non-BRTS,130A-U,2339,5965
762,Non-BRTS,135A-D,20599,20609
763,Non-BRTS,135A-U,20610,20618
764,Non-BRTS,136A-D,20619,20610
765,Non-BRTS,136A-U,20610,20619
766,Non-BRTS,145A-D,3529,20637
767,Non-BRTS,145A-U,20638,20654
768,Non-BRTS,147A-D,20655,3680
769,Non-BRTS,147A-U,3726,3649
770,Non-BRTS,170A-D,4848,4870
771,Non-BRTS,170A-U,4871,4894
772,Non-BRTS,170B-D,20680,4870
773,Non-BRTS,170B-U,4871,20680
774,Non-BRTS,174A-D,20708,4949
775,Non-BRTS,174A-U,20739,20766
776,Non-BRTS,174B-D,4895,20784
777,Non-BRTS,174B-U,4950,4999
778,Non-BRTS,177D-D,5039,20791
779,Non-BRTS,177D-U,5182,5039
780,Non-BRTS,17A-D,5340,1311
781,Non-BRTS,17A-U,4177,5395
782,Non-BRTS,17B-D,5371,782
783,Non-BRTS,17B-U,20792,5371
784,Non-BRTS,183A-D,20793,100
785,Non-BRTS,183A-U,20826,20867
786,Non-BRTS,186B-D,3916,20875
787,Non-BRTS,186B-U,5904,3904
788,Non-BRTS,192A-D,20886,3904
789,Non-BRTS,192A-U,20893,6141
790,Non-BRTS,200A-D,20898,20904
791,Non-BRTS,200A-U,20904,20906
792,Non-BRTS,202A-U,6659,6609
793,Non-BRTS,202B-D,7082,5879
794,Non-BRTS,202B-U,5879,7094
795,Non-BRTS,208A-D,20911,20957
796,Non-BRTS,208A-U,20958,20996
797,Non-BRTS,20A-D,20997,21003
798,Non-BRTS,20A-U,21004,21012
799,Non-BRTS,20B-D,21013,21028
800,Non-BRTS,20B-U,1312,3904
801,Non-BRTS,216A-D,21034,21047
802,Non-BRTS,216A-U,7279,21058
803,Non-BRTS,216B-D,21059,21092
804,Non-BRTS,216B-U,21092,21059
805,Non-BRTS,21A-D,16208,21113
806,Non-BRTS,21A-U,21114,16208
807,Non-BRTS,21B-D,21121,21141
808,Non-BRTS,21B-U,21114,21158
809,Non-BRTS,22A-D,21159,21177
810,Non-BRTS,22A-U,21178,21194
811,Non-BRTS,252A-D,21195,21218
812,Non-BRTS,252A-U,21219,21195
813,Non-BRTS,257-D,8496,8516
814,Non-BRTS,257-U,8516,8496
815,Non-BRTS,262A-D,8582,21240
816,Non-BRTS,262A-U,21240,8582
817,Non-BRTS,277A-D,8903,8923
818,Non-BRTS,277A-U,8923,9245
819,Non-BRTS,279A-U,21266,9108
820,Non-BRTS,279B-U,21292,21266
821,Non-BRTS,292D-D,9949,9976
822,Non-BRTS,293A-U,21311,21336
823,Non-BRTS,293B-D,21336,21366
824,Non-BRTS,293B-U,21367,21336
825,Non-BRTS,295A-D,21379,21385
826,Non-BRTS,295A-U,21385,21388
827,Non-BRTS,296A-D,21389,21400
828,Non-BRTS,296A-U,21401,21389
829,Non-BRTS,2D-D,314,21407
830,Non-BRTS,2E-D,21408,21407
831,Non-BRTS,2E-U,21407,7466
832,Non-BRTS,2F-D,21437,12037
833,Non-BRTS,2G-U,21444,9625
834,Non-BRTS,2H-D,21459,21407
835,Non-BRTS,2H-U,21407,21459
836,Non-BRTS,2I-D,21059,21477
837,Non-BRTS,2I-U,21477,21059
838,Non-BRTS,2J-D,21520,21523
839,Non-BRTS,2J-U,21523,21520
840,Non-BRTS,302C-D,21524,21531
841,Non-BRTS,302C-U,21532,21538
842,Non-BRTS,302D-D,21539,21555
843,Non-BRTS,302D-U,21555,21568
844,Non-BRTS,307A-D,21569,15117
845,Non-BRTS,307A-U,15117,21587
846,Non-BRTS,313A-D,21588,21605
847,Non-BRTS,313A-U,21606,21588
848,Non-BRTS,313B-D,21590,1996
849,Non-BRTS,313C-D,21627,21656
850,Non-BRTS,313D-D,21657,21668
851,Non-BRTS,31A-D,21669,21693
852,Non-BRTS,31A-U,21693,21708
853,Non-BRTS,323B-D,12499,21715
854,Non-BRTS,323B-U,21532,12565
855,Non-BRTS,323C-D,13440,10772
856,Non-BRTS,323C-U,10772,13440
857,Non-BRTS,325A-D,12599,10729
858,Non-BRTS,325A-U,10729,12667
859,Non-BRTS,326A-D,12565,21539
860,Non-BRTS,326A-U,21539,12565
861,Non-BRTS,326B-D,12668,21755
862,Non-BRTS,327A-D,240,21781
863,Non-BRTS,327A-U,21781,240
864,Non-BRTS,327B-D,240,21848
865,Non-BRTS,331C-U,21849,21873
866,Non-BRTS,331D-U,21874,21897
867,Non-BRTS,335B-D,1174,21901
868,Non-BRTS,335B-U,21902,21905
869,Non-BRTS,344A-U,21906,13759
870,Non-BRTS,344B-U,13812,21906
871,Non-BRTS,347A-U,21922,13859
872,Non-BRTS,366A-D,14885,21481
873,Non-BRTS,366A-U,21481,14885
874,Non-BRTS,366B-U,21996,22023
875,Non-BRTS,366C-D,14820,417
876,Non-BRTS,376D-D,15182,22028
877,Non-BRTS,376D-U,22028,15431
878,Non-BRTS,376E-D,10772,15245
879,Non-BRTS,376F-D,22030,22047
880,Non-BRTS,376F-U,22047,22054
881,Non-BRTS,376G-D,22055,3910
882,Non-BRTS,376H-U,15585,22091
883,Non-BRTS,47A-D,16362,22107
884,Non-BRTS,47A-U,16284,16362
885,Non-BRTS,50B-D,16556,22155
886,Non-BRTS,50B-U,22156,16556
887,Non-BRTS,52B-D,16619,22231
888,Non-BRTS,52B-U,22232,16619
889,Non-BRTS,53B-D,22255,21141
890,Non-BRTS,54A-D,22257,22283
891,Non-BRTS,54A-U,564,22299
892,Non-BRTS,54B-D,564,21141
893,Non-BRTS,54B-U,21114,564
894,Non-BRTS,58A-D,22303,22320
895,Non-BRTS,58A-U,22320,22303
896,Non-BRTS,60A-D,22334,22359
897,Non-BRTS,60A-U,22360,22381
898,Non-BRTS,60B-D,22382,22384
899,Non-BRTS,60B-U,17245,2824
900,Non-BRTS,64C-D,3421,17540
901,Non-BRTS,65A-D,22395,2915
902,Non-BRTS,65A-U,2915,1582
903,Non-BRTS,68B-D,22417,22455
904,Non-BRTS,68B-U,22456,22475
905,Non-BRTS,70A-D,22476,516
906,Non-BRTS,70A-U,516,22514
907,Non-BRTS,70B-D,22515,22520
908,Non-BRTS,70B-U,22509,22526
909,Non-BRTS,70C-D,18005,22509
910,Non-BRTS,70C-U,22509,18005
911,Non-BRTS,72A-D,18165,18176
912,Non-BRTS,72A-U,18177,18188
913,Non-BRTS,79B-U,21266,21277
914,Non-BRTS,79C-D,22546,21266
915,Non-BRTS,79C-U,22556,22546
916,Non-BRTS,79D-D,22569,516
917,Non-BRTS,79D-U,516,22569
918,Non-BRTS,7B-D,22593,3904
919,Non-BRTS,7B-U,3904,22593
920,Non-BRTS,80B-D,18753,22624
921,Non-BRTS,80B-U,22624,18753
922,Non-BRTS,82B-D,18870,22638
923,Non-BRTS,82C-U,22638,22648
924,Non-BRTS,82D-U,7709,22638
925,Non-BRTS,85A-U,22669,22698
926,Non-BRTS,85B-D,22569,22578
927,Non-BRTS,88A-D,19372,19396
928,Non-BRTS,317A-D,11849,11871
929,Non-BRTS,317B-D,11871,11884
930,Non-BRTS,362A-U,14744,14720
931,Non-BRTS,362A-D,14720,14744
932,Non-BRTS,362B-U,14761,14720
933,Non-BRTS,362B-D,14720,14732
934,Non-BRTS,179A-U,6132,5297
935,Non-BRTS,179A-D,5297,6131
936,Non-BRTS,190A-U,3904,22707
937,Non-BRTS,190A-D,22707,22719
938,Non-BRTS,2L-U,22720,22723
939,Non-BRTS,2L-D,22724,22726
940,Non-BRTS,33A-U,13726,13744
941,Non-BRTS,33A-D,13698,13717
942,Non-BRTS,217A-U,7406,7413
943,Non-BRTS,217A-D,7385,7392
944,Non-BRTS,217B-D,406,7385
945,Non-BRTS,217B-U,7385,326
946,Non-BRTS,290A-U,9654,22730
947,Non-BRTS,290A-D,22731,9653
948,Non-BRTS,293C-D,22732,9876
949,Non-BRTS,295B-D,10128,22733
950,Non-BRTS,216C-U,22734,6670
951,Non-BRTS,216C-D,22736,7354
952,Non-BRTS,84B-U,19092,19047
953,Non-BRTS,84C-U,19092,19046
954,Non-BRTS,84C-D,18931,19079
955,Non-BRTS,144D-U,3350,3464
956,Non-BRTS,144D-D,3375,3349
957,Non-BRTS,82E-U,22638,22657
958,Non-BRTS,94B-U,9390,19795
959,Non-BRTS,94B-D,19795,9391
960,Non-BRTS,161A-U,120,22760
961,Non-BRTS,161A-D,22760,348
962,Non-BRTS,VJR2A-U,3340,4251
963,Non-BRTS,19A-U,1582,2932
964,Non-BRTS,19A-D,2932,6446
965,Non-BRTS,19B-U,6462,1582
966,Non-BRTS,19B-D,6446,6461
967,Non-BRTS,118-7A-U,1582,98
968,Non-BRTS,118-7A-D,98,1582
969,Non-BRTS,141A-U,2992,1582
970,Non-BRTS,141A-D,2979,2991
971,Non-BRTS,227A-U,22767,22784
972,Non-BRTS,227A-D,22784,7736
973,Non-BRTS,62A-D,17422,22813
974,Non-BRTS,66A-U,1582,699
975,Non-BRTS,66A-D,699,1582
976,Non-BRTS,30A-U,1582,11303
977,Non-BRTS,30A-D,11303,1582
978,Non-BRTS,78A-U,1582,18436
979,Non-BRTS,78A-D,18436,1582
980,Non-BRTS,350B-U,14014,11011
981,Non-BRTS,350B-D,22815,14014
982,Non-BRTS,367C-U,22829,22838
983,Non-BRTS,367C-D,22839,22848
984,Non-BRTS,327C-U,1415,10772
985,Non-BRTS,327C-D,10772,1415
986,Non-BRTS,304A-U,10772,10968
987,Non-BRTS,304A-D,10920,10772
988,Non-BRTS,310A-U,21539,11482
989,Non-BRTS,310A-D,22862,22874
990,Non-BRTS,13B-U,2915,22883
991,Non-BRTS,13B-D,22883,22907
992,Non-BRTS,13C-U,19410,22916
993,Non-BRTS,152A-U,22917,22939
994,Non-BRTS,152A-D,22939,22963
995,Non-BRTS,126A-D,2064,22972
996,Non-BRTS,126B-U,22973,2099
997,Non-BRTS,126C-U,2083,2099
998,Non-BRTS,126D-U,2075,2083
999,Non-BRTS,51A-U,23003,23025
1000,Non-BRTS,51A-D,23026,16579
1001,Non-BRTS,87C-U,516,23055
1002,Non-BRTS,87C-D,23056,23065
1003,Non-BRTS,87D-U,516,19249
1004,Non-BRTS,87D-D,19194,19216
1005,Non-BRTS,351A-D,14078,14118
1006,Non-BRTS,351A-U,14145,14078
1007,Non-BRTS,181C-U,5538,77
1008,Non-BRTS,181C-D,77,5592
1009,Non-BRTS,315A-U,11764,23125
1010,Non-BRTS,315A-D,23126,23158
1011,Non-BRTS,293D-D,10016,10044
1012,Non-BRTS,293D-U,10045,10073
